sample-id	Assay Type	AvgSpotLen	Bases	BioProject	BioSample	BioSampleModel	Bytes	Center Name	collection_date	Consent	DATASTORE filetype	DATASTORE provider	DATASTORE region	env_biome	env_feature	env_material	Experiment	geo_loc_name_country	geo_loc_name_country_continent	geo_loc_name	Host	Family	Order	Life_trait	Instrument	Isolation_source	lat_lon	Library Name	LibraryLayout	LibrarySelection	Region	LibrarySource	misc_param	Organism	Platform	ReleaseDate	Sample Name	SRA Study	Altitude (m)	Ann_mean_temp	Ann_mean_precip	Precip_Rainy	Precip_Dry	Texture	pH	C (%)	N (ug g-1)	P (ug g-1)	K (ug g-1)	EC (dS/m)	Strategy
SRR14654853	AMPLICON	465	600982	PRJNA309754	SAMN04419092	"MIMS.me,MIGS/MIMS/MIMARKS.plant-associated"	1406641	FORMAN CHRISTIAN COLLEGE	23/01/2015	public	"sff,sra"	"gs,ncbi,s3"	"gs.US,ncbi.public,s3.us-east-1"	Salt Mines	Rhizosphere	soil	SRX10993390	Pakistan	Afroeurasia	Pakistan: Khewran	Salsola stocksii	Chenopodiaceae	Caryophyllales	Deciduous	454 GS FLX Titanium	Highly saline soil	73.01 N 32.38 E	soil microbiome10	SINGLE	PCR	v3/v4	METAGENOMIC	Salsola stocksii2	rhizosphere metagenome	LS454	44342.79167	Salsola stocksii2	SRP321293	200	23.39167	424	256	21	Sandy loam	8.46	37.55	16.11	3.82	0.62	4.99	Halophyte
SRR14654854	AMPLICON	464	517790	PRJNA309754	SAMN04419091	"MIMS.me,MIGS/MIMS/MIMARKS.plant-associated"	1216511	FORMAN CHRISTIAN COLLEGE	23/01/2015	public	"sff,sra"	"gs,ncbi,s3"	"gs.US,ncbi.public,s3.us-east-1"	Salt Mines	Rhizosphere	soil	SRX10993389	Pakistan	Afroeurasia	Pakistan: Khewran	Salsola stocksii	Chenopodiaceae	Caryophyllales	Deciduous	454 GS FLX Titanium	Highly saline soil	73.02 N 32.32 E	soil microbiome9	SINGLE	PCR	v3/v4	METAGENOMIC	Salsola stocksii1	rhizosphere metagenome	LS454	44342.79167	Salsola stocksii1	SRP321293	198	23.45833	420	255	21	Sandy loam	8.46	37.55	16.11	3.82	0.62	4.99	Halophyte
SRR14654855	AMPLICON	457	617343	PRJNA309754	SAMN04419090	"MIMS.me,MIGS/MIMS/MIMARKS.plant-associated"	1451627	FORMAN CHRISTIAN COLLEGE	12/11/2014	public	"sra,sff"	"gs,ncbi,s3"	"gs.US,ncbi.public,s3.us-east-1"	agricultural field	Rhizosphere	soil	SRX10993388	Pakistan	Afroeurasia	Pakistan: Khewran	Kochia indica	Chenopodiaceae	Caryophyllales	Perennial	454 GS FLX Titanium	Moderately saline soil	73.07 N 31.49 E	soil microbiome8	SINGLE	PCR	v3/v4	METAGENOMIC	Kochia indica4	rhizosphere metagenome	LS454	44342.79167	Kochia indica4	SRP321293	185	23.86667	366	235	18	Silty loam	8.16	32.95	13.12	2.56	0.45	3.57	Halophyte
SRR14654856	AMPLICON	461	998956	PRJNA309754	SAMN04419089	"MIMS.me,MIGS/MIMS/MIMARKS.plant-associated"	2316000	FORMAN CHRISTIAN COLLEGE	12/11/2014	public	"sff,sra"	"gs,ncbi,s3"	"gs.US,ncbi.public,s3.us-east-1"	agricultural field	Rhizosphere	soil	SRX10993387	Pakistan	Afroeurasia	Pakistan: Khewran	Kochia indica	Chenopodiaceae	Caryophyllales	Perennial	454 GS FLX Titanium	Moderately saline soil	73.02 N 31.43 E	soil microbiome7	SINGLE	PCR	v3/v4	METAGENOMIC	Kochia indica3	rhizosphere metagenome	LS454	44342.79167	Kochia indica3	SRP321293	180	23.99583	359	232	16	Silty loam	8.16	32.95	13.12	2.56	0.45	3.57	Halophyte
SRR14654857	AMPLICON	450	833080	PRJNA309754	SAMN04419088	"MIMS.me,MIGS/MIMS/MIMARKS.plant-associated"	1959216	FORMAN CHRISTIAN COLLEGE	12/11/2014	public	"sff,sra"	"gs,ncbi,s3"	"gs.US,ncbi.public,s3.us-east-1"	agricultural field	Rhizosphere	soil	SRX10993386	Pakistan	Afroeurasia	Pakistan: Khewran	Kochia indica	Chenopodiaceae	Caryophyllales	Perennial	454 GS FLX Titanium	Moderately saline soil	73.03 N 31.47 E	soil microbiome6	SINGLE	PCR	v3/v4	METAGENOMIC	Kochia indica2	rhizosphere metagenome	LS454	44342.79167	Kochia indica2	SRP321293	181	23.79583	360	232	17	Silty loam	8.16	32.95	13.12	2.56	0.45	3.57	Halophyte
SRR14654858	AMPLICON	463	596517	PRJNA309754	SAMN04419087	"MIMS.me,MIGS/MIMS/MIMARKS.plant-associated"	1400008	FORMAN CHRISTIAN COLLEGE	12/11/2014	public	"sff,sra"	"gs,ncbi,s3"	"gs.US,ncbi.public,s3.us-east-1"	agricultural field	Rhizosphere	soil	SRX10993385	Pakistan	Afroeurasia	Pakistan: Khewran	Kochia indica	Chenopodiaceae	Caryophyllales	Perennial	454 GS FLX Titanium	Moderately saline soil	73.08 N 31.38 E	soil microbiome5	SINGLE	PCR	v3/v4	METAGENOMIC	Kochia indica1	rhizosphere metagenome	LS454	44342.79167	Kochia indica1	SRP321293	185	23.8875	360	235	16	Silty loam	8.16	32.95	13.12	2.56	0.45	3.57	Halophyte
SRR14654859	AMPLICON	463	688565	PRJNA309754	SAMN04419086	"MIMS.me,MIGS/MIMS/MIMARKS.plant-associated"	1600559	FORMAN CHRISTIAN COLLEGE	12/11/2014	public	"sff,sra"	"gs,ncbi,s3"	"gs.US,ncbi.public,s3.us-east-1"	agricultural field	Rhizosphere	soil	SRX10993384	Pakistan	Afroeurasia	Pakistan: Khewran	Urochloa mutica	Poaceae	Poales	Perennial	454 GS FLX Titanium	Moderately saline soil	73.05 N 31.41 E	soil microbiome4	SINGLE	PCR	v3/v4	METAGENOMIC	Urochloa mutica4	rhizosphere metagenome	LS454	44342.79167	Urochloa mutica4	SRP321293	185	24.18333	362	234	17	Silty loam	8.05	35.31	12.56	2.91	0.53	4.14	Halophyte
SRR14654865	AMPLICON	464	612175	PRJNA309754	SAMN04419085	"MIMS.me,MIGS/MIMS/MIMARKS.plant-associated"	1433288	FORMAN CHRISTIAN COLLEGE	12/11/2014	public	"sff,sra"	"gs,ncbi,s3"	"gs.US,ncbi.public,s3.us-east-1"	agricultural field	Rhizosphere	soil	SRX10993378	Pakistan	Afroeurasia	Pakistan: Khewran	Urochloa mutica	Poaceae	Poales	Perennial	454 GS FLX Titanium	Moderately saline soil	73.09 N 31.48 E	soil microbiome3	SINGLE	PCR	v3/v4	METAGENOMIC	Urochloa mutica3	rhizosphere metagenome	LS454	44342.79167	Urochloa mutica3	SRP321293	184	23.94167	366	236	17	Silty loam	8.05	35.31	12.56	2.91	0.53	4.14	Halophyte
SRR14654870	AMPLICON	463	612605	PRJNA309754	SAMN04419098	"MIMS.me,MIGS/MIMS/MIMARKS.plant-associated"	1433939	FORMAN CHRISTIAN COLLEGE	23/01/2015	public	"sff,sra"	"gs,ncbi,s3"	"gs.US,ncbi.public,s3.us-east-1"	Salt Mines	Rhizosphere	soil	SRX10993373	Pakistan	Afroeurasia	Pakistan: Khewran	Atriplex amnicola	Amaranthaceae	Caryophyllales	Perennial	454 GS FLX Titanium	Highly saline soil	73.00 N 32.41 E	soil microbiome16	SINGLE	PCR	v3/v4	METAGENOMIC	Atriplex amnicola4	rhizosphere metagenome	LS454	44342.79167	Atriplex amnicola4	SRP321293	199	23.375	425	257	21	Sandy loam	8.25	33.39	12.87	3.29	0.55	4.85	Halophyte
SRR14654871	AMPLICON	464	691397	PRJNA309754	SAMN04419097	"MIMS.me,MIGS/MIMS/MIMARKS.plant-associated"	1604248	FORMAN CHRISTIAN COLLEGE	23/01/2015	public	"sff,sra"	"gs,ncbi,s3"	"gs.US,ncbi.public,s3.us-east-1"	Salt Mines	Rhizosphere	soil	SRX10993372	Pakistan	Afroeurasia	Pakistan: Khewran	Atriplex amnicola	Amaranthaceae	Caryophyllales	Perennial	454 GS FLX Titanium	Highly saline soil	73.04 N 32.36 E	soil microbiome15	SINGLE	PCR	v3/v4	METAGENOMIC	Atriplex amnicola3	rhizosphere metagenome	LS454	44342.79167	Atriplex amnicola3	SRP321293	201	23.38333	425	258	21	Sandy loam	8.25	33.39	12.87	3.29	0.55	4.85	Halophyte
SRR14654872	AMPLICON	464	642227	PRJNA309754	SAMN04419096	"MIMS.me,MIGS/MIMS/MIMARKS.plant-associated"	1497381	FORMAN CHRISTIAN COLLEGE	23/01/2015	public	"sff,sra"	"gs,ncbi,s3"	"gs.US,ncbi.public,s3.us-east-1"	Salt Mines	Rhizosphere	soil	SRX10993371	Pakistan	Afroeurasia	Pakistan: Khewran	Atriplex amnicola	Amaranthaceae	Caryophyllales	Perennial	454 GS FLX Titanium	Highly saline soil	73.03 N 32.39 E	soil microbiome14	SINGLE	PCR	v3/v4	METAGENOMIC	Atriplex amnicola2	rhizosphere metagenome	LS454	44342.79167	Atriplex amnicola2	SRP321293	201	23.35833	426	259	21	Sandy loam	8.25	33.39	12.87	3.29	0.55	4.85	Halophyte
SRR14654873	AMPLICON	462	429377	PRJNA309754	SAMN04419095	"MIMS.me,MIGS/MIMS/MIMARKS.plant-associated"	1016225	FORMAN CHRISTIAN COLLEGE	23/01/2015	public	"sff,sra"	"gs,ncbi,s3"	"gs.US,ncbi.public,s3.us-east-1"	Salt Mines	Rhizosphere	soil	SRX10993370	Pakistan	Afroeurasia	Pakistan: Khewran	Atriplex amnicola	Amaranthaceae	Caryophyllales	Perennial	454 GS FLX Titanium	Highly saline soil	73.06 N 32.34 E	soil microbiome13	SINGLE	PCR	v3/v4	METAGENOMIC	Atriplex amnicola1	rhizosphere metagenome	LS454	44342.79167	Atriplex amnicola1	SRP321293	201	23.375	427	260	21	Sandy loam	8.25	33.39	12.87	3.29	0.55	4.85	Halophyte
SRR14654874	AMPLICON	464	628120	PRJNA309754	SAMN04419094	"MIMS.me,MIGS/MIMS/MIMARKS.plant-associated"	1468036	FORMAN CHRISTIAN COLLEGE	23/01/2015	public	"sff,sra"	"gs,ncbi,s3"	"gs.US,ncbi.public,s3.us-east-1"	Salt Mines	Rhizosphere	soil	SRX10993369	Pakistan	Afroeurasia	Pakistan: Khewran	Salsola stocksii	Chenopodiaceae	Caryophyllales	Deciduous	454 GS FLX Titanium	Highly saline soil	73.04 N 32.35 E	soil microbiome12	SINGLE	PCR	v3/v4	METAGENOMIC	Salsola stocksii4	rhizosphere metagenome	LS454	44342.79167	Salsola stocksii4	SRP321293	200	23.39167	421	256	21	Sandy loam	8.46	37.55	16.11	3.82	0.62	4.99	Halophyte
SRR14654875	AMPLICON	464	574460	PRJNA309754	SAMN04419093	"MIMS.me,MIGS/MIMS/MIMARKS.plant-associated"	1348810	FORMAN CHRISTIAN COLLEGE	23/01/2015	public	"sff,sra"	"gs,ncbi,s3"	"gs.US,ncbi.public,s3.us-east-1"	Salt Mines	Rhizosphere	soil	SRX10993368	Pakistan	Afroeurasia	Pakistan: Khewran	Salsola stocksii	Chenopodiaceae	Caryophyllales	Deciduous	454 GS FLX Titanium	Highly saline soil	73.07 N 32.33 E	soil microbiome11	SINGLE	PCR	v3/v4	METAGENOMIC	Salsola stocksii3	rhizosphere metagenome	LS454	44342.79167	Salsola stocksii3	SRP321293	201	23.37083	428	260	21	Sandy loam	8.46	37.55	16.11	3.82	0.62	4.99	Halophyte
SRR14654876	AMPLICON	461	956719	PRJNA309754	SAMN04419084	"MIMS.me,MIGS/MIMS/MIMARKS.plant-associated"	2217760	FORMAN CHRISTIAN COLLEGE	12/11/2014	public	"sff,sra"	"gs,ncbi,s3"	"gs.US,ncbi.public,s3.us-east-1"	agricultural field	Rhizosphere	soil	SRX10993367	Pakistan	Afroeurasia	Pakistan: Khewran	Urochloa mutica	Poaceae	Poales	Perennial	454 GS FLX Titanium	Moderately saline soil	73.01 N 31.40 E	soil microbiome2	SINGLE	PCR	v3/v4	METAGENOMIC	Urochloa mutica2	rhizosphere metagenome	LS454	44342.79167	Urochloa mutica2	SRP321293	179	23.88333	359	233	16	Silty loam	8.05	35.31	12.56	2.91	0.53	4.14	Halophyte
SRR14654877	AMPLICON	464	540212	PRJNA309754	SAMN04419083	"MIMS.me,MIGS/MIMS/MIMARKS.plant-associated"	1266756	FORMAN CHRISTIAN COLLEGE	12/11/2014	public	"sff,sra"	"gs,ncbi,s3"	"gs.US,ncbi.public,s3.us-east-1"	agricultural field	Rhizosphere	soil	SRX10993366	Pakistan	Afroeurasia	Pakistan: Khewran	Urochloa mutica	Poaceae	Poales	Perennial	454 GS FLX Titanium	Moderately saline soil	73.07 N 31.42 E	soil microbiome1	SINGLE	PCR	v3/v4	METAGENOMIC	Urochloa mutica1	rhizosphere metagenome	LS454	44342.79167	Urochloa mutica1	SRP321293	186	24.2375	361	234	16	Silty loam	8.05	35.31	12.56	2.91	0.53	4.14	Halophyte
SRR3108963	AMPLICON	502	29408164	PRJNA308956	SAMN04418122	"MIMARKS.survey,MIGS/MIMS/MIMARKS.plant-associated"	15682738	USDA-ARS	04/06/2012	public	"fastq,sra"	"gs,s3,ncbi"	"ncbi.public,gs.US,s3.us-east-1"	desert	Rhizosphere	Soil	SRX1537273	Mexico	North America	Mexico: Las Animas	Myrtillocactus geometrizans	Cactaceae	Caryophyllales	Perennial	Illumina MiSeq	Xerophyte Rhizosphere	21.05 N 100.17 W	28896	PAIRED	PCR	v4	METAGENOMIC	MG-1-RHIZO-SPR-mg_16S_1	rhizosphere metagenome	ILLUMINA	25/01/2016 18:00	MG-1-RHIZO-SPR-mg_16S	SRP068631	2175	18.3	485	355	130	Sandy loam	5.79	3.97	8.76	18.11	64.35	na	Xerophyte
SRR3108968	AMPLICON	502	45061528	PRJNA308956	SAMN04418126	"MIMARKS.survey,MIGS/MIMS/MIMARKS.plant-associated"	23658428	USDA-ARS	30/05/2012	public	"sra,fastq"	"gs,s3,ncbi"	"ncbi.public,gs.US,s3.us-east-1"	desert	Rhizosphere	Soil	SRX1537278	Mexico	North America	Mexico: El Jaral	Myrtillocactus geometrizans	Cactaceae	Caryophyllales	Perennial	Illumina MiSeq	Xerophyte Rhizosphere	21.40 N 101.02 W	28920	PAIRED	PCR	v4	METAGENOMIC	SF-1-RHIZO-SPR-mg_16S_1	rhizosphere metagenome	ILLUMINA	25/01/2016 18:00	SF-1-RHIZO-SPR-mg_16S	SRP068631	2089	17	204.5	136.5	68	Sandy loam	6.25	0.71	12.65	4.53	251.7	na	Xerophyte
SRR3108969	AMPLICON	502	51301890	PRJNA308956	SAMN04418127	"MIMARKS.survey,MIGS/MIMS/MIMARKS.plant-associated"	27551790	USDA-ARS	12/10/2012	public	"fastq,sra"	"ncbi,gs,s3"	"ncbi.public,gs.US,s3.us-east-1"	desert	Rhizosphere	Soil	SRX1537279	Mexico	North America	Mexico: El Jaral	Myrtillocactus geometrizans	Cactaceae	Caryophyllales	Perennial	Illumina MiSeq	Xerophyte Rhizosphere	21.40 N 101.02 W	28921	PAIRED	PCR	v4	METAGENOMIC	SF-1-RHIZO-SUM-mg_16S_1	rhizosphere metagenome	ILLUMINA	25/01/2016 18:00	SF-1-RHIZO-SUM-mg_16S	SRP068631	2089	17	204.5	136.5	68	Sandy loam	6.25	0.71	12.65	4.53	251.7	na	Xerophyte
SRR3108988	AMPLICON	502	31262050	PRJNA308956	SAMN04418144	"MIMARKS.survey,MIGS/MIMS/MIMARKS.plant-associated"	16348302	USDA-ARS	10/10/2012	public	"fastq,sra"	"gs,ncbi,s3"	"ncbi.public,gs.US,s3.us-east-1"	desert	Rhizosphere	Soil	SRX1537298	Mexico	North America	Mexico: Las Animas	Opuntia robusta	Cactaceae	Caryophyllales	Perennial	Illumina MiSeq	Xerophyte Rhizosphere	21.05 N 100.17 W	28859	PAIRED	PCR	v4	METAGENOMIC	MG-1-RHIZO-SUM-or_16S_1	rhizosphere metagenome	ILLUMINA	25/01/2016 18:00	MG-1-RHIZO-SUM-or_16S	SRP068631	2175	18.3	485	355	130	Sandy loam	5.79	3.97	8.76	18.11	64.35	na	Xerophyte
SRR3108989	AMPLICON	502	38187642	PRJNA308956	SAMN04418145	"MIMARKS.survey,MIGS/MIMS/MIMARKS.plant-associated"	20207609	USDA-ARS	12/10/2012	public	"fastq,sra"	"gs,ncbi,s3"	"ncbi.public,gs.US,s3.us-east-1"	desert	Rhizosphere	Soil	SRX1537299	Mexico	North America	Mexico: El Jaral	Opuntia robusta	Cactaceae	Caryophyllales	Perennial	Illumina MiSeq	Xerophyte Rhizosphere	21.10 N 101.02 W	28861	PAIRED	PCR	v4	METAGENOMIC	SF-1-RHIZO-SUM-or_16S_1	rhizosphere metagenome	ILLUMINA	25/01/2016 18:00	SF-1-RHIZO-SUM-or_16S	SRP068631	2089	17	204.5	136.5	68	Sandy loam	6.25	0.71	12.65	4.53	251.7	na	Xerophyte
SRR3108991	AMPLICON	502	32745460	PRJNA308956	SAMN04418147	"MIMARKS.survey,MIGS/MIMS/MIMARKS.plant-associated"	16854918	USDA-ARS	04/06/2012	public	"fastq,sra"	"gs,s3,ncbi"	"ncbi.public,gs.US,s3.us-east-1"	desert	Rhizosphere	Soil	SRX1537301	Mexico	North America	Mexico: Las Animas	Opuntia robusta	Cactaceae	Caryophyllales	Perennial	Illumina MiSeq	Xerophyte Rhizosphere	21.05 N 100.17 W	28873	PAIRED	PCR	v4	METAGENOMIC	MG-1-RHIZO-SPR-or_16S_1	rhizosphere metagenome	ILLUMINA	25/01/2016 18:00	MG-1-RHIZO-SPR-or_16S	SRP068631	2175	18.3	485	355	130	Sandy loam	5.79	3.97	8.76	18.11	64.35	na	Xerophyte
SRR3108994	AMPLICON	502	31485440	PRJNA308956	SAMN04418150	"MIMARKS.survey,MIGS/MIMS/MIMARKS.plant-associated"	17140135	USDA-ARS	30/05/2012	public	"fastq,sra"	"ncbi,gs,s3"	"ncbi.public,gs.US,s3.us-east-1"	desert	Rhizosphere	Soil	SRX1537304	Mexico	North America	Mexico: El Jaral	Opuntia robusta	Cactaceae	Caryophyllales	Perennial	Illumina MiSeq	Xerophyte Rhizosphere	21.10 N 101.02 W	28895	PAIRED	PCR	v4	METAGENOMIC	SF-1-RHIZO-SPR-or_16S_1	rhizosphere metagenome	ILLUMINA	25/01/2016 18:00	SF-1-RHIZO-SPR-or_16S	SRP068631	2089	17	204.5	136.5	68	Sandy loam	6.25	0.71	12.65	4.53	251.7	na	Xerophyte
SRR3108998	AMPLICON	502	14636312	PRJNA308956	SAMN04418109	"MIMARKS.survey,MIGS/MIMS/MIMARKS.plant-associated"	7529972	USDA-ARS	10/10/2012	public	"sra,fastq"	"ncbi,gs,s3"	"ncbi.public,gs.US,s3.us-east-1"	desert	Rhizosphere	Soil	SRX1537308	Mexico	North America	Mexico: Las Animas	Myrtillocactus geometrizans	Cactaceae	Caryophyllales	Perennial	Illumina MiSeq	Xerophyte Rhizosphere	21.05 N 100.17 W	28774	PAIRED	PCR	v4	METAGENOMIC	MG-1-RHIZO-SUM-mg_16S_1	rhizosphere metagenome	ILLUMINA	25/01/2016 18:00	MG-1-RHIZO-SUM-mg_16S	SRP068631	2175	18.3	485	355	130	Sandy loam	5.79	3.97	8.76	18.11	64.35	na	Xerophyte
SRR8365816	OTHER	590	56918769	PRJNA511384	SAMN10639366	"MIMS.me,MIGS/MIMS/MIMARKS.plant-associated"	33029342	CENTRE OF BIOTECHNOLOGY OF BORJ CEDRIA (TUNISIA)	01/04/2015	public	"fastq,sra"	"ncbi,s3,gs"	"s3.us-east-1,ncbi.public,gs.US"	agricultural field	Rhizosphere	Soil	SRX5176247	Tunisia	Afroeurasia	Tunisia:Kairouan	Opuntia ficus-indica	Cactaceae	Caryophyllales	Perennial	Illumina MiSeq	Root of Opuntia ficus indica 2	35.39 N 9.28 E	R2_S72_Upper_Arid_KA_2_Root_Spineless	PAIRED	PCR	v3/v4	METAGENOMIC	biological replicate 2	plant metagenome	ILLUMINA	09/06/2020 19:00	R2_S72_Upper_Arid_KA_2_Root_Spineless	SRP174342	593	18.28333	314	96	38	na	6.65	1.34	0.56	13.33	98.48	7.7	Xerophyte
SRR8365817	OTHER	595	79271054	PRJNA511384	SAMN10639365	"MIMS.me,MIGS/MIMS/MIMARKS.plant-associated"	46637834	CENTRE OF BIOTECHNOLOGY OF BORJ CEDRIA (TUNISIA)	01/04/2015	public	"sra,fastq"	"gs,ncbi,s3"	"ncbi.public,s3.us-east-1,gs.US"	agricultural field	Rhizosphere	Soil	SRX5176246	Tunisia	Afroeurasia	Tunisia:Kairouan	Opuntia ficus-indica	Cactaceae	Caryophyllales	Perennial	Illumina MiSeq	Root of Opuntia ficus indica 1	35.38 N 9.3 E	R1_S71_Upper_Arid_KA_1_Root_Spineless	PAIRED	PCR	v3/v4	METAGENOMIC	biological replicate 1	plant metagenome	ILLUMINA	09/06/2020 19:00	R1_S71_Upper_Arid_KA_1_Root_Spineless	SRP174342	513	18.7625	300	90	36	na	6.68	0.52	0.46	1.3	88.29	2.35	Xerophyte
SRR8365826	OTHER	449	39148758	PRJNA511384	SAMN10639380	"MIMS.me,MIGS/MIMS/MIMARKS.plant-associated"	22103497	CENTRE OF BIOTECHNOLOGY OF BORJ CEDRIA (TUNISIA)	01/04/2015	public	"fastq,sra"	"gs,ncbi,s3"	"s3.us-east-1,ncbi.public,gs.US"	agricultural field	Rhizosphere	Soil	SRX5176236	Tunisia	Afroeurasia	Tunisia:Bou Argoub	Opuntia ficus-indica	Cactaceae	Caryophyllales	Perennial	Illumina MiSeq	Root of Opuntia ficus indica 16	36.50 N 10.52 E	R16_S83_Semi_Arid_BA_1_Root_Spineless	PAIRED	PCR	v3/v4	METAGENOMIC	biological replicate 1	plant metagenome	ILLUMINA	09/06/2020 19:00	R16_S83_Semi_Arid_BA_1_Root_Spineless	SRP174342	169	18.77917	483	192	24	na	7.88	1.72	0.39	22.7	86.19	8.8	Xerophyte
SRR8365827	OTHER	341	23002670	PRJNA511384	SAMN10639378	"MIMS.me,MIGS/MIMS/MIMARKS.plant-associated"	13235579	CENTRE OF BIOTECHNOLOGY OF BORJ CEDRIA (TUNISIA)	01/04/2015	public	"sra,fastq"	"gs,ncbi,s3"	"ncbi.public,gs.US,s3.us-east-1"	agricultural field	Rhizosphere	Soil	SRX5176234	Tunisia	Afroeurasia	Tunisia:Gafsa	Opuntia ficus-indica	Cactaceae	Caryophyllales	Perennial	Illumina MiSeq	Root of Opuntia ficus indica 14	34.15 N 9.17 E	R14_S82_Lower_Arid_GF_2_Root_Spineless	PAIRED	PCR	v3/v4	METAGENOMIC	biological replicate 2	plant metagenome	ILLUMINA	09/06/2020 19:00	R14_S82_Lower_Arid_GF_2_Root_Spineless	SRP174342	221	20.06667	145	53	8	na	8.22	2.224	0.61	3.16	131.03	8	Xerophyte
SRR8365828	OTHER	339	55297146	PRJNA511384	SAMN10639377	"MIMS.me,MIGS/MIMS/MIMARKS.plant-associated"	31653524	CENTRE OF BIOTECHNOLOGY OF BORJ CEDRIA (TUNISIA)	01/04/2015	public	"sra,fastq"	"gs,ncbi,s3"	"ncbi.public,gs.US,s3.us-east-1"	agricultural field	Rhizosphere	Soil	SRX5176233	Tunisia	Afroeurasia	Tunisia:Gafsa	Opuntia ficus-indica	Cactaceae	Caryophyllales	Perennial	Illumina MiSeq	Root of Opuntia ficus indica 13	34.15 N 9.17 E	R13_S81_Lower_Arid_GF_1_Root_Spineless	PAIRED	PCR	v3/v4	METAGENOMIC	biological replicate 1	plant metagenome	ILLUMINA	09/06/2020 19:00	R13_S81_Lower_Arid_GF_1_Root_Spineless	SRP174342	221	20.06667	145	53	8	na	8.22	2.224	0.61	3.16	131.03	8	Xerophyte
SRR8365829	OTHER	594	16528372	PRJNA511384	SAMN10639379	"MIMS.me,MIGS/MIMS/MIMARKS.plant-associated"	9899862	CENTRE OF BIOTECHNOLOGY OF BORJ CEDRIA (TUNISIA)	01/04/2015	public	"fastq,sra"	"s3,gs,ncbi"	"ncbi.public,s3.us-east-1,gs.US"	agricultural field	Rhizosphere	Soil	SRX5176235	Tunisia	Afroeurasia	Tunisia:Gafsa	Opuntia ficus-indica	Cactaceae	Caryophyllales	Perennial	Illumina MiSeq	Root of Opuntia ficus indica 15	35.55 N 10.17 E	R15_S30_Lower_Arid_GF_3_Root_Spineless	PAIRED	PCR	v3/v4	METAGENOMIC	biological replicate 3	plant metagenome	ILLUMINA	09/06/2020 19:00	R15_S30_Lower_Arid_GF_3_Root_Spineless	SRP174342	77	19.57083	290	111	23	na	8.34	1.96	0.57	6.64	131.03	7.75	Xerophyte
SRR8365832	OTHER	571	44841457	PRJNA511384	SAMN10639383	"MIMS.me,MIGS/MIMS/MIMARKS.plant-associated"	25914042	CENTRE OF BIOTECHNOLOGY OF BORJ CEDRIA (TUNISIA)	01/04/2015	public	"fastq,sra"	"gs,ncbi,s3"	"s3.us-east-1,ncbi.public,gs.US"	agricultural field	Rhizosphere	Soil	SRX5176231	Tunisia	Afroeurasia	Tunisia:Bizerte	Opuntia ficus-indica	Cactaceae	Caryophyllales	Perennial	Illumina MiSeq	Root of Opuntia ficus indica 19	37.12 N 9.54 E	R19_S86_Humid_BZ_1_Root_Spineless	PAIRED	PCR	v3/v4	METAGENOMIC	biological replicate 1	plant metagenome	ILLUMINA	09/06/2020 19:00	R19_S86_Humid_BZ_1_Root_Spineless	SRP174342	13	17.975	625	270	24	na	7.43	4.44	0.45	13.01	78.88	19.8	Xerophyte
SRR8365833	OTHER	567	40182664	PRJNA511384	SAMN10639382	"MIMS.me,MIGS/MIMS/MIMARKS.plant-associated"	22934114	CENTRE OF BIOTECHNOLOGY OF BORJ CEDRIA (TUNISIA)	01/04/2015	public	"fastq,sra"	"ncbi,s3,gs"	"gs.US,s3.us-east-1,ncbi.public"	agricultural field	Rhizosphere	Soil	SRX5176230	Tunisia	Afroeurasia	Tunisia:Bou Argoub	Opuntia ficus-indica	Cactaceae	Caryophyllales	Perennial	Illumina MiSeq	Root of Opuntia ficus indica 18	36.50 N 10.43 E	R18_S85_Semi_Arid_BA_3_Root_Spineless	PAIRED	PCR	v3/v4	METAGENOMIC	biological replicate 3	plant metagenome	ILLUMINA	09/06/2020 19:00	R18_S85_Semi_Arid_BA_3_Root_Spineless	SRP174342	292	17.9875	518	204	29	na	7.36	0.99	0.545	13.92	94.91	4.87	Xerophyte
SRR8365834	OTHER	520	39429987	PRJNA511384	SAMN10639381	"MIMS.me,MIGS/MIMS/MIMARKS.plant-associated"	22353225	CENTRE OF BIOTECHNOLOGY OF BORJ CEDRIA (TUNISIA)	01/04/2015	public	"fastq,sra"	"gs,s3,ncbi"	"ncbi.public,s3.us-east-1,gs.US"	agricultural field	Rhizosphere	Soil	SRX5176229	Tunisia	Afroeurasia	Tunisia:Bou Argoub	Opuntia ficus-indica	Cactaceae	Caryophyllales	Perennial	Illumina MiSeq	Root of Opuntia ficus indica 17	36.50 N 10.41 E	R17_S84_Semi_Arid_BA_2_Root_Spineless	PAIRED	PCR	v3/v4	METAGENOMIC	biological replicate 2	plant metagenome	ILLUMINA	09/06/2020 19:00	R17_S84_Semi_Arid_BA_2_Root_Spineless	SRP174342	255	18.06667	512	200	29	na	6.85	0.26	0.7	5.14	103.63	0.95	Xerophyte
SRR8365849	OTHER	589	16153457	PRJNA511384	SAMN10639376	"MIMS.me,MIGS/MIMS/MIMARKS.plant-associated"	9595947	CENTRE OF BIOTECHNOLOGY OF BORJ CEDRIA (TUNISIA)	01/04/2015	public	"sra,fastq"	"gs,ncbi,s3"	"ncbi.public,gs.US,s3.us-east-1"	agricultural field	Rhizosphere	Soil	SRX5176213	Tunisia	Afroeurasia	Tunisia:Sidi Bouzid	Opuntia ficus-indica	Cactaceae	Caryophyllales	Perennial	Illumina MiSeq	Root of Opuntia ficus indica 12	35.31 N 9.27 E	R12_S29_Upper_Arid_SB_3_Root_Spineless	PAIRED	PCR	v3/v4	METAGENOMIC	biological replicate 3	plant metagenome	ILLUMINA	09/06/2020 19:00	R12_S29_Upper_Arid_SB_3_Root_Spineless	SRP174342	474	19.04583	289	87	35	na	8	1.44	0.46	0.92	170.45	20.55	Xerophyte
SRR8365850	OTHER	571	39718638	PRJNA511384	SAMN10639372	"MIMS.me,MIGS/MIMS/MIMARKS.plant-associated"	22781192	CENTRE OF BIOTECHNOLOGY OF BORJ CEDRIA (TUNISIA)	01/04/2015	public	"fastq,sra"	"s3,gs,ncbi"	"ncbi.public,s3.us-east-1,gs.US"	agricultural field	Rhizosphere	Soil	SRX5176211	Tunisia	Afroeurasia	Tunisia:Kasserin	Opuntia ficus-indica	Cactaceae	Caryophyllales	Perennial	Illumina MiSeq	Root of Opuntia ficus indica 8	35.22 N 8.46 E	R8_S77_Upper_Arid_KS_5_Root_Spineless	PAIRED	PCR	v3/v4	METAGENOMIC	biological replicate 5	plant metagenome	ILLUMINA	09/06/2020 19:00	R8_S77_Upper_Arid_KS_5_Root_Spineless	SRP174342	1130	14.55417	391	126	60	na	7.61	0.54	0.7	1.21	50.75	4.3	Xerophyte
SRR8365851	OTHER	491	23420084	PRJNA511384	SAMN10639373	"MIMS.me,MIGS/MIMS/MIMARKS.plant-associated"	13103063	CENTRE OF BIOTECHNOLOGY OF BORJ CEDRIA (TUNISIA)	01/04/2015	public	"sra,fastq"	"gs,ncbi,s3"	"ncbi.public,gs.US,s3.us-east-1"	agricultural field	Rhizosphere	Soil	SRX5176210	Tunisia	Afroeurasia	Tunisia:Kasserin	Opuntia ficus-indica	Cactaceae	Caryophyllales	Perennial	Illumina MiSeq	Root of Opuntia ficus indica 9	35.29 N 8.66 E	R9_S78_Upper_Arid_KS_6_Root_Spineless	PAIRED	PCR	v3/v4	METAGENOMIC	biological replicate 6	plant metagenome	ILLUMINA	09/06/2020 19:00	R9_S78_Upper_Arid_KS_6_Root_Spineless	SRP174342	692	17.11667	310	95	49	na	6.74	0.59	0.4	0.72	50.75	5	Xerophyte
SRR8365852	OTHER	574	67734454	PRJNA511384	SAMN10639371	"MIMS.me,MIGS/MIMS/MIMARKS.plant-associated"	38864986	CENTRE OF BIOTECHNOLOGY OF BORJ CEDRIA (TUNISIA)	01/04/2015	public	"fastq,sra"	"s3,gs,ncbi"	"ncbi.public,s3.us-east-1,gs.US"	agricultural field	Rhizosphere	Soil	SRX5176212	Tunisia	Afroeurasia	Tunisia:Kasserin	Opuntia ficus-indica	Cactaceae	Caryophyllales	Perennial	Illumina MiSeq	Root of Opuntia ficus indica 7	35.22 N 8.46 E	R7_S76_Upper_Arid_KS_4_Root_Spineless	PAIRED	PCR	v3/v4	METAGENOMIC	biological replicate 4	plant metagenome	ILLUMINA	09/06/2020 19:00	R7_S76_Upper_Arid_KS_4_Root_Spineless	SRP174342	1130	14.55417	391	126	60	na	6.42	0.74	0.88	1	51.84	4.45	Xerophyte
SRR8365853	OTHER	558	56239707	PRJNA511384	SAMN10639375	"MIMS.me,MIGS/MIMS/MIMARKS.plant-associated"	32379065	CENTRE OF BIOTECHNOLOGY OF BORJ CEDRIA (TUNISIA)	01/04/2015	public	"fastq,sra"	"ncbi,s3,gs"	"s3.us-east-1,ncbi.public,gs.US"	agricultural field	Rhizosphere	Soil	SRX5176214	Tunisia	Afroeurasia	Tunisia:Sidi Bouzid	Opuntia ficus-indica	Cactaceae	Caryophyllales	Perennial	Illumina MiSeq	Root of Opuntia ficus indica 11	35.17 N 9.27 E	R11_S80_Upper_Arid_SB_2_Root_Spineless	PAIRED	PCR	v3/v4	METAGENOMIC	biological replicate 2	plant metagenome	ILLUMINA	09/06/2020 19:00	R11_S80_Upper_Arid_SB_2_Root_Spineless	SRP174342	400	19.49583	262	81	31	na	8.19	1.21	0.51	2.15	170.45	6.75	Xerophyte
SRR8365854	OTHER	574	33972832	PRJNA511384	SAMN10639374	"MIMS.me,MIGS/MIMS/MIMARKS.plant-associated"	19655356	CENTRE OF BIOTECHNOLOGY OF BORJ CEDRIA (TUNISIA)	01/04/2015	public	"fastq,sra"	"gs,ncbi,s3"	"s3.us-east-1,ncbi.public,gs.US"	agricultural field	Rhizosphere	Soil	SRX5176209	Tunisia	Afroeurasia	Tunisia:Sidi Bouzid	Opuntia ficus-indica	Cactaceae	Caryophyllales	Perennial	Illumina MiSeq	Root of Opuntia ficus indica 10	35.31 N 9.21 E	R10_S79_Upper_Arid_SB_1_Root_Spineless	PAIRED	PCR	v3/v4	METAGENOMIC	biological replicate 1	plant metagenome	ILLUMINA	09/06/2020 19:00	R10_S79_Upper_Arid_SB_1_Root_Spineless	SRP174342	564	18.40417	297	90	36	na	7.99	0.95	0.65	1.88	163.68	7.45	Xerophyte
SRR8365855	OTHER	553	61925671	PRJNA511384	SAMN10639367	"MIMS.me,MIGS/MIMS/MIMARKS.plant-associated"	35895190	CENTRE OF BIOTECHNOLOGY OF BORJ CEDRIA (TUNISIA)	01/04/2015	public	"fastq,sra"	"ncbi,gs,s3"	"ncbi.public,s3.us-east-1,gs.US"	agricultural field	Rhizosphere	Soil	SRX5176208	Tunisia	Afroeurasia	Tunisia:Kairouan	Opuntia ficus-indica	Cactaceae	Caryophyllales	Perennial	Illumina MiSeq	Root of Opuntia ficus indica 3	35.4 N 10 E	R3_S73_Upper_Arid_KA_3_Root_Spineless	PAIRED	PCR	v3/v4	METAGENOMIC	biological replicate 3	plant metagenome	ILLUMINA	09/06/2020 19:00	R3_S73_Upper_Arid_KA_3_Root_Spineless	SRP174342	123	19.67083	268	100	22	na	6.61	0.47	0.52	3.48	88.29	1.75	Xerophyte
SRR8365856	OTHER	595	10549370	PRJNA511384	SAMN10639369	"MIMS.me,MIGS/MIMS/MIMARKS.plant-associated"	6348081	CENTRE OF BIOTECHNOLOGY OF BORJ CEDRIA (TUNISIA)	01/04/2015	public	"sra,fastq"	"ncbi,gs,s3"	"ncbi.public,s3.us-east-1,gs.US"	agricultural field	Rhizosphere	Soil	SRX5176206	Tunisia	Afroeurasia	Tunisia:Kasserin	Opuntia ficus-indica	Cactaceae	Caryophyllales	Perennial	Illumina MiSeq	Root of Opuntia ficus indica 5	35.21 N 8.47 E	R5_S28_Upper_Arid_KS_2_Root_Spineless	PAIRED	PCR	v3/v4	METAGENOMIC	biological replicate 2	plant metagenome	ILLUMINA	09/06/2020 19:00	R5_S28_Upper_Arid_KS_2_Root_Spineless	SRP174342	1164	14.39583	391	126	60	na	7.82	1.69	1.56	1.14	79.09	13	Xerophyte
SRR8365867	OTHER	525	65066671	PRJNA511384	SAMN10639370	"MIMS.me,MIGS/MIMS/MIMARKS.plant-associated"	37392348	CENTRE OF BIOTECHNOLOGY OF BORJ CEDRIA (TUNISIA)	01/04/2015	public	"fastq,sra"	"s3,gs,ncbi"	"ncbi.public,s3.us-east-1,gs.US"	agricultural field	Rhizosphere	Soil	SRX5176205	Tunisia	Afroeurasia	Tunisia:Kasserin	Opuntia ficus-indica	Cactaceae	Caryophyllales	Perennial	Illumina MiSeq	Root of Opuntia ficus indica 6	35.22 N 8.46 E	R6_S75_Upper_Arid_KS_3_Root_Spineless	PAIRED	PCR	v3/v4	METAGENOMIC	biological replicate 3	plant metagenome	ILLUMINA	09/06/2020 19:00	R6_S75_Upper_Arid_KS_3_Root_Spineless	SRP174342	1130	14.55417	391	126	60	na	7.61	0.54	0.7	1.21	50.75	4.3	Xerophyte
SRR8365868	OTHER	502	49682969	PRJNA511384	SAMN10639368	"MIMS.me,MIGS/MIMS/MIMARKS.plant-associated"	28741682	CENTRE OF BIOTECHNOLOGY OF BORJ CEDRIA (TUNISIA)	01/04/2015	public	"fastq,sra"	"s3,gs,ncbi"	"ncbi.public,s3.us-east-1,gs.US"	agricultural field	Rhizosphere	Soil	SRX5176207	Tunisia	Afroeurasia	Tunisia:Kasserin	Opuntia ficus-indica	Cactaceae	Caryophyllales	Perennial	Illumina MiSeq	Root of Opuntia ficus indica 4	35.21 N 8.48 E	R4_S74_Upper_Arid_KS_1_Root_Spineless	PAIRED	PCR	v3/v4	METAGENOMIC	biological replicate 1	plant metagenome	ILLUMINA	09/06/2020 19:00	R4_S74_Upper_Arid_KS_1_Root_Spineless	SRP174342	1137	14.52083	384	125	59	na	5.74	0.6	1.41	1.49	91.52	5.1	Xerophyte
SRR9660293	AMPLICON	498	34579438	PRJNA553550	SAMN12238117	Metagenome or environmental	19842585	BRIGHAM YOUNG UNIVERSITY	01/09/2017	public	"fastq,sra"	"ncbi,gs,s3"	"s3.us-east-1,gs.US,ncbi.public"	desert	Rhizosphere	Soil	SRX6421278	USA	North America	USA: Utah	Allenrolfea occidentalis	Amaranthaceae	Caryophyllales	Deciduous	Illumina HiSeq 2500	Xerophyte Rhizosphere	39.9517 N 111.9008 W	halomicrobiome 8	PAIRED	PCR	v3/v4	METAGENOMIC	halomicrobiome 8	rhizosphere metagenome	ILLUMINA	08/07/2019 19:00	Rhizosphere	SRP213895	1387	10.29167	302	92	60	Utah	7.8	na	na	na	na	70	Halophyte
SRR9660294	AMPLICON	498	33436047	PRJNA553550	SAMN12238116	Metagenome or environmental	18568141	BRIGHAM YOUNG UNIVERSITY	15/06/2017	public	"fastq,sra"	"ncbi,gs,s3"	"ncbi.public,s3.us-east-1,gs.US"	desert	Rhizosphere	Soil	SRX6421277	USA	North America	USA: Utah	Allenrolfea occidentalis	Amaranthaceae	Caryophyllales	Deciduous	Illumina HiSeq 2500	Xerophyte Rhizosphere	39.9517 N 111.9008 W	halomicrobiome 7	PAIRED	PCR	v3/v4	METAGENOMIC	halomicrobiome 7	rhizosphere metagenome	ILLUMINA	08/07/2019 19:00	Rhizosphere	SRP213895	1387	10.29167	302	92	60	Utah	7.56	na	na	na	na	16	Halophyte
SRR9660295	AMPLICON	498	41491864	PRJNA553550	SAMN12238115	Metagenome or environmental	23365131	BRIGHAM YOUNG UNIVERSITY	01/06/2017	public	"fastq,sra"	"gs,ncbi,s3"	"ncbi.public,gs.US,s3.us-east-1"	desert	Rhizosphere	Soil	SRX6421276	USA	North America	USA: Utah	Allenrolfea occidentalis	Amaranthaceae	Caryophyllales	Deciduous	Illumina HiSeq 2500	Xerophyte Rhizosphere	39.9517 N 111.9008 W	halomicrobiome 6	PAIRED	PCR	v3/v4	METAGENOMIC	halomicrobiome 6	rhizosphere metagenome	ILLUMINA	08/07/2019 19:00	Rhizosphere	SRP213895	1387	10.29167	302	92	60	Utah	7.56	na	na	na	na	16	Halophyte
SRR9660296	AMPLICON	498	33380084	PRJNA553550	SAMN12238114	Metagenome or environmental	18928612	BRIGHAM YOUNG UNIVERSITY	01/09/2017	public	"fastq,sra"	"gs,ncbi,s3"	"ncbi.public,gs.US,s3.us-east-1"	desert	Rhizosphere	Soil	SRX6421275	USA	North America	USA: Utah	Sarcocornia utahensis	Amaranthaceae	Caryophyllales	Deciduous	Illumina HiSeq 2500	Xerophyte Rhizosphere	39.9517 N 111.9008 W	halomicrobiome 5	PAIRED	PCR	v3/v4	METAGENOMIC	halomicrobiome 5	rhizosphere metagenome	ILLUMINA	08/07/2019 19:00	Rhizosphere	SRP213895	1387	10.29167	302	92	60	Utah	7.8	na	na	na	na	70	Halophyte
SRR9660297	AMPLICON	498	49196378	PRJNA553550	SAMN12238113	Metagenome or environmental	27601431	BRIGHAM YOUNG UNIVERSITY	15/06/2017	public	"sra,fastq"	"ncbi,gs,s3"	"ncbi.public,s3.us-east-1,gs.US"	desert	Rhizosphere	Soil	SRX6421274	USA	North America	USA: Utah	Sarcocornia utahensis	Amaranthaceae	Caryophyllales	Deciduous	Illumina HiSeq 2500	Xerophyte Rhizosphere	39.9517 N 111.9008 W	halomicrobiome 4	PAIRED	PCR	v3/v4	METAGENOMIC	halomicrobiome 4	rhizosphere metagenome	ILLUMINA	08/07/2019 19:00	Rhizosphere	SRP213895	1387	10.29167	302	92	60	Utah	7.74	na	na	na	na	18	Halophyte
SRR9660298	AMPLICON	498	43073175	PRJNA553550	SAMN12238112	Metagenome or environmental	24179051	BRIGHAM YOUNG UNIVERSITY	01/06/2017	public	"sra,fastq"	"ncbi,gs,s3"	"ncbi.public,s3.us-east-1,gs.US"	desert	Rhizosphere	Soil	SRX6421273	USA	North America	USA: Utah	Sarcocornia utahensis	Amaranthaceae	Caryophyllales	Deciduous	Illumina HiSeq 2500	Xerophyte Rhizosphere	39.9517 N 111.9008 W	halomicrobiome 3	PAIRED	PCR	v3/v4	METAGENOMIC	halomicrobiome 3	rhizosphere metagenome	ILLUMINA	08/07/2019 19:00	Rhizosphere	SRP213895	1387	10.29167	302	92	60	Utah	7.74	na	na	na	na	18	Halophyte
SRR9660299	AMPLICON	498	28114116	PRJNA553550	SAMN12238111	Metagenome or environmental	16084493	BRIGHAM YOUNG UNIVERSITY	01/09/2017	public	"fastq,sra"	"ncbi,gs,s3"	"s3.us-east-1,gs.US,ncbi.public"	desert	Rhizosphere	Soil	SRX6421272	USA	North America	USA: Utah	Salicornia rubra	Amaranthaceae	Caryophyllales	Perennial	Illumina HiSeq 2500	Xerophyte Rhizosphere	39.9517 N 111.9008 W	halomicrobiome 2	PAIRED	PCR	v3/v4	METAGENOMIC	halomicrobiome 2	rhizosphere metagenome	ILLUMINA	08/07/2019 19:00	Rhizosphere	SRP213895	1387	10.29167	302	92	60	Utah	7.8	na	na	na	na	70	Halophyte
SRR9660300	AMPLICON	498	48335267	PRJNA553550	SAMN12238110	Metagenome or environmental	27419926	BRIGHAM YOUNG UNIVERSITY	01/06/2017	public	"sra,fastq"	"gs,ncbi,s3"	"ncbi.public,s3.us-east-1,gs.US"	desert	Rhizosphere	Soil	SRX6421271	USA	North America	USA: Utah	Salicornia rubra	Amaranthaceae	Caryophyllales	Perennial	Illumina HiSeq 2500	Xerophyte Rhizosphere	39.9517 N 111.9008 W	halomicrobiome 1	PAIRED	PCR	v3/v4	METAGENOMIC	halomicrobiome 1	rhizosphere metagenome	ILLUMINA	08/07/2019 19:00	Rhizosphere	SRP213895	1387	10.29167	302	92	60	Utah	7.56	na	na	na	na	16	Halophyte
